Customer ID,RecencyDays,Frequency,Monetary,R_Score,F_Score,M_Score,RFM_Score,Segment
EH-13765,136,10,9940.380000000001,2,5,5,12,At Risk (High Frequency)
GK-14620,113,9,6497.27,2,5,5,12,At Risk (High Frequency)
JK-15640,181,9,4760.434,2,5,5,12,At Risk (High Frequency)
KD-16495,113,12,8181.256,2,5,5,12,At Risk (High Frequency)
LA-16780,155,11,8673.222,2,5,5,12,At Risk (High Frequency)
PO-19180,161,9,4893.043,2,5,5,12,At Risk (High Frequency)
SC-20725,188,11,5226.21,2,5,5,12,At Risk (High Frequency)
SD-20485,201,9,6121.114,2,5,5,12,At Risk (High Frequency)
TB-21520,108,9,4737.486,2,5,5,12,At Risk (High Frequency)
AH-10690,411,12,7888.294,1,5,5,11,At Risk (High Frequency)
AM-10705,163,8,5664.022,2,4,5,11,At Risk (High Frequency)
BC-11125,203,9,2933.676,2,5,4,11,At Risk (High Frequency)
BW-11110,122,8,4750.358,2,4,5,11,At Risk (High Frequency)
CJ-12010,190,8,11164.974,2,4,5,11,At Risk (High Frequency)
CL-12565,285,12,10880.546,1,5,5,11,At Risk (High Frequency)
DP-13390,359,9,5480.723999999999,1,5,5,11,At Risk (High Frequency)
EA-14035,153,12,2752.441,2,5,4,11,At Risk (High Frequency)
EH-14125,153,10,3082.653,2,5,4,11,At Risk (High Frequency)
HK-14890,152,8,4877.784,2,4,5,11,At Risk (High Frequency)
HR-14830,160,7,5248.787,2,4,5,11,At Risk (High Frequency)
HW-14935,118,7,4827.934,2,4,5,11,At Risk (High Frequency)
IL-15100,143,7,5040.736,2,4,5,11,At Risk (High Frequency)
JC-15775,159,9,2772.055,2,5,4,11,At Risk (High Frequency)
JD-15895,395,11,7610.8640000000005,1,5,5,11,At Risk (High Frequency)
JK-16120,118,10,2932.484,2,5,4,11,At Risk (High Frequency)
JM-15865,110,7,7625.076000000001,2,4,5,11,At Risk (High Frequency)
LB-16795,153,8,4985.676,2,4,5,11,At Risk (High Frequency)
MS-17365,274,10,7443.6900000000005,1,5,5,11,At Risk (High Frequency)
MS-17770,122,9,3144.678,2,5,4,11,At Risk (High Frequency)
NM-18445,161,7,6459.344,2,4,5,11,At Risk (High Frequency)
NP-18700,139,7,7903.1825,2,4,5,11,At Risk (High Frequency)
NS-18640,175,12,2857.753,2,5,4,11,At Risk (High Frequency)
NW-18400,173,7,7234.014,2,4,5,11,At Risk (High Frequency)
RD-19585,181,9,2832.904,2,5,4,11,At Risk (High Frequency)
RD-19900,115,9,3133.924,2,5,4,11,At Risk (High Frequency)
RL-19615,122,8,6234.91,2,4,5,11,At Risk (High Frequency)
RW-19540,121,7,7397.401,2,4,5,11,At Risk (High Frequency)
SC-20095,350,9,14142.333999999999,1,5,5,11,At Risk (High Frequency)
SR-20740,197,8,4345.8859999999995,2,4,5,11,At Risk (High Frequency)
TS-21205,199,7,5371.09,2,4,5,11,At Risk (High Frequency)
CB-12535,198,8,4246.4555,2,4,4,10,At Risk (High Frequency)
DB-13555,108,7,3908.8028,2,4,4,10,At Risk (High Frequency)
ED-13885,136,8,3484.92,2,4,4,10,At Risk (High Frequency)
FC-14335,185,7,3889.366,2,4,4,10,At Risk (High Frequency)
FM-14380,146,9,2523.266,2,5,3,10,At Risk (High Frequency)
IM-15070,391,7,4930.474,1,4,5,10,At Risk (High Frequency)
KB-16585,231,12,2744.742,1,5,4,10,At Risk (High Frequency)
PS-19045,237,7,6843.634,1,4,5,10,At Risk (High Frequency)
SC-20260,188,8,3729.7929999999997,2,4,4,10,At Risk (High Frequency)
SV-20785,321,9,4105.305,1,5,4,10,At Risk (High Frequency)
BM-11785,219,10,1338.842,2,5,2,9,At Risk (High Frequency)
DN-13690,218,7,2139.79,2,4,3,9,At Risk (High Frequency)
DO-13435,134,9,1300.0315,2,5,2,9,At Risk (High Frequency)
GM-14500,107,10,1255.682,2,5,2,9,At Risk (High Frequency)
KT-16465,392,7,3057.1,1,4,4,9,At Risk (High Frequency)
LH-17155,386,9,1739.689,1,5,3,9,At Risk (High Frequency)
MC-17605,113,8,2258.192,2,4,3,9,At Risk (High Frequency)
MH-17455,171,7,2146.694,2,4,3,9,At Risk (High Frequency)
NF-18595,115,7,2031.472,2,4,3,9,At Risk (High Frequency)
NM-18520,245,10,2161.979,1,5,3,9,At Risk (High Frequency)
PW-19240,465,7,3922.4150000000004,1,4,4,9,At Risk (High Frequency)
RF-19345,391,8,3309.15,1,4,4,9,At Risk (High Frequency)
SG-20470,184,8,1884.798,2,4,3,9,At Risk (High Frequency)
SP-20650,387,9,1872.4360000000001,1,5,3,9,At Risk (High Frequency)
TC-21475,154,9,1244.976,2,5,2,9,At Risk (High Frequency)
TH-21235,118,8,1022.201,2,5,2,9,At Risk (High Frequency)
TT-21220,184,8,1427.0439999999999,2,5,2,9,At Risk (High Frequency)
AB-10255,167,9,914.5319999999999,2,5,1,8,At Risk (High Frequency)
DM-12955,115,7,1322.034,2,4,2,8,At Risk (High Frequency)
JF-15490,122,10,890.95,2,5,1,8,At Risk (High Frequency)
KB-16315,297,9,1569.464,1,5,2,8,At Risk (High Frequency)
ON-18715,411,9,1567.52,1,5,2,8,At Risk (High Frequency)
DP-13000,127,8,897.524,2,4,1,7,At Risk (High Frequency)
DW-13585,243,7,1204.854,1,4,2,7,At Risk (High Frequency)
EH-13945,218,8,684.1709999999999,2,4,1,7,At Risk (High Frequency)
ST-20530,126,7,433.34000000000003,2,4,1,7,At Risk (High Frequency)
TB-21250,350,7,1602.376,1,4,2,7,At Risk (High Frequency)
AJ-10795,167,7,4501.391,2,3,5,10,At Risk (High Value)
CP-12340,161,7,5817.187,2,3,5,10,At Risk (High Value)
SB-20185,189,6,6410.996,2,3,5,10,At Risk (High Value)
TB-21400,203,6,9108.742,2,3,5,10,At Risk (High Value)
AA-10315,185,5,5563.56,2,2,5,9,At Risk (High Value)
CA-12775,121,7,3041.566,2,3,4,9,At Risk (High Value)
DW-13480,218,5,5271.628,2,2,5,9,At Risk (High Value)
EB-14110,114,6,3071.126,2,3,4,9,At Risk (High Value)
GM-14680,153,6,3163.628,2,3,4,9,At Risk (High Value)
LS-16945,179,6,2845.27,2,3,4,9,At Risk (High Value)
MD-17350,118,6,2716.412,2,3,4,9,At Risk (High Value)
ND-18460,184,6,2893.455,2,3,4,9,At Risk (High Value)
PF-19165,197,6,2770.0,2,3,4,9,At Risk (High Value)
RH-19510,468,6,6979.18,1,3,5,9,At Risk (High Value)
RR-19525,171,6,3302.2619999999997,2,3,4,9,At Risk (High Value)
SC-20230,150,4,4371.9580000000005,2,2,5,9,At Risk (High Value)
SG-20605,109,5,3118.892,2,3,4,9,At Risk (High Value)
SS-20410,111,6,3056.8070000000002,2,3,4,9,At Risk (High Value)
SW-20455,163,6,2835.564,2,3,4,9,At Risk (High Value)
TC-20980,400,5,19052.218,1,3,5,9,At Risk (High Value)
VD-21670,582,6,6442.254,1,3,5,9,At Risk (High Value)
BE-11335,120,5,4204.676,2,2,4,8,At Risk (High Value)
BS-11365,559,5,10501.653,1,2,5,8,At Risk (High Value)
CK-12325,121,5,2945.321,2,2,4,8,At Risk (High Value)
GA-14515,150,5,3797.2320000000004,2,2,4,8,At Risk (High Value)
GM-14695,118,3,6049.966,2,1,5,8,At Risk (High Value)
JL-15850,615,6,2725.256,1,3,4,8,At Risk (High Value)
KD-16270,485,5,8282.358,1,2,5,8,At Risk (High Value)
MC-17425,400,5,4432.138,1,2,5,8,At Risk (High Value)
MP-17470,719,6,2945.822,1,3,4,8,At Risk (High Value)
PF-19120,835,4,9062.864,1,2,5,8,At Risk (High Value)
RD-19660,115,4,2745.892,2,2,4,8,At Risk (High Value)
SC-20020,781,5,3362.9636,1,3,4,8,At Risk (High Value)
TG-21310,338,5,3058.372,1,3,4,8,At Risk (High Value)
TS-21655,239,5,3368.094,1,3,4,8,At Risk (High Value)
BM-11140,308,4,11789.63,1,1,5,7,At Risk (High Value)
CV-12295,255,5,2830.6279999999997,1,2,4,7,At Risk (High Value)
DH-13075,278,5,3487.1980000000003,1,2,4,7,At Risk (High Value)
JS-15880,535,5,3868.02,1,2,4,7,At Risk (High Value)
LC-16960,437,4,3246.626,1,2,4,7,At Risk (High Value)
BS-11665,583,3,3288.1099999999997,1,1,4,6,At Risk (High Value)
CC-12685,799,4,2854.1150000000002,1,1,4,6,At Risk (High Value)
CM-12715,1035,4,3984.4524,1,1,4,6,At Risk (High Value)
AH-10210,7,9,4805.344,5,5,5,15,Champions
AI-10855,14,10,4375.786,5,5,5,15,Champions
BF-11170,17,11,5907.972,5,5,5,15,Champions
DK-13225,11,9,4802.394,5,5,5,15,Champions
DR-12880,4,9,6528.034000000001,5,5,5,15,Champions
EP-13915,13,17,5478.0608,5,5,5,15,Champions
GZ-14470,8,9,4355.150000000001,5,5,5,15,Champions
HM-14860,3,10,8236.7648,5,5,5,15,Champions
JG-15160,2,11,6366.392,5,5,5,15,Champions
JL-15835,22,10,9576.343,5,5,5,15,Champions
LC-16885,17,12,7663.126,5,5,5,15,Champions
MH-18115,6,9,5503.093,5,5,5,15,Champions
PK-19075,10,12,8646.934,5,5,5,15,Champions
PO-18850,5,11,7473.8282,5,5,5,15,Champions
QJ-19255,26,9,6108.338,5,5,5,15,Champions
RA-19915,13,9,4793.543,5,5,5,15,Champions
RB-19465,10,12,4715.466,5,5,5,15,Champions
SE-20110,10,11,12209.438000000002,5,5,5,15,Champions
SM-20950,26,11,4464.862,5,5,5,15,Champions
TP-21130,9,9,4454.0560000000005,5,5,5,15,Champions
WB-21850,21,10,6129.71,5,5,5,15,Champions
YS-21880,10,8,6720.4439999999995,5,5,5,15,Champions
AB-10105,42,10,14473.570999999998,4,5,5,14,Champions
AT-10735,14,10,3831.864,5,5,4,14,Champions
BB-11545,29,9,6765.728,4,5,5,14,Champions
BD-11320,34,12,5718.521,4,5,5,14,Champions
BH-11710,24,8,6255.351,5,4,5,14,Champions
BM-11650,34,11,7294.185,4,5,5,14,Champions
BP-11185,2,9,3675.861,5,5,4,14,Champions
CB-12025,48,9,5730.669,4,5,5,14,Champions
CC-12220,21,11,3670.258,5,5,4,14,Champions
CC-12430,1,10,2870.05,5,5,4,14,Champions
CS-11950,26,11,3036.547,5,5,4,14,Champions
CS-12250,27,12,2754.216,5,5,4,14,Champions
CS-12355,7,11,3202.1620000000003,5,5,4,14,Champions
CS-12400,3,9,3651.8585000000003,5,5,4,14,Champions
DK-12835,22,12,3256.48,5,5,4,14,Champions
DS-13180,24,9,2881.8128,5,5,4,14,Champions
ES-14080,29,9,4657.924,4,5,5,14,Champions
FH-14365,6,8,6987.196,5,4,5,14,Champions
GT-14710,37,11,11820.119999999999,4,5,5,14,Champions
HG-14965,24,12,3247.642,5,5,4,14,Champions
JE-15715,47,10,8697.842999999999,4,5,5,14,Champions
JE-15745,52,13,6760.8150000000005,4,5,5,14,Champions
KH-16690,3,7,5990.799,5,4,5,14,Champions
KL-16555,17,8,5016.488,5,4,5,14,Champions
KL-16645,48,12,14175.229000000001,4,5,5,14,Champions
LS-16975,21,9,2988.674,5,5,4,14,Champions
LW-17215,22,7,5420.514,5,4,5,14,Champions
ME-17320,43,10,10663.728000000001,4,5,5,14,Champions
MJ-17740,23,7,6320.746,5,4,5,14,Champions
MM-17920,8,10,3640.2560000000003,5,5,4,14,Champions
MP-18175,17,8,4757.332,5,4,5,14,Champions
MW-18220,18,7,5341.900000000001,5,4,5,14,Champions
NC-18535,7,7,8241.739,5,4,5,14,Champions
ND-18370,28,9,4326.139,4,5,5,14,Champions
RP-19390,34,12,5153.084,4,5,5,14,Champions
SC-20050,41,9,4624.572,4,5,5,14,Champions
SC-20380,31,9,5992.536,4,5,5,14,Champions
SP-20620,48,9,5440.319,4,5,5,14,Champions
TC-21295,28,8,4266.812,4,5,5,14,Champions
TT-21460,13,7,5364.808,5,4,5,14,Champions
VW-21775,29,10,6134.0380000000005,4,5,5,14,Champions
AD-10180,30,8,6106.88,4,4,5,13,Champions
AH-10075,35,10,3250.337,4,5,4,13,Champions
AS-10090,29,9,3255.31,4,5,4,13,Champions
CK-12205,40,13,3154.855,4,5,4,13,Champions
DB-13270,54,8,4655.897,4,4,5,13,Champions
DC-12850,38,9,3336.168,4,5,4,13,Champions
DK-13375,20,8,3318.486,5,4,4,13,Champions
DM-13345,23,8,4074.4719999999998,5,4,4,13,Champions
DR-12940,51,8,8350.868,4,4,5,13,Champions
EB-13705,49,9,3644.978,4,5,4,13,Champions
EB-13750,36,10,3236.314,4,5,4,13,Champions
FH-14275,38,10,4256.272,4,5,4,13,Champions
FM-14290,37,9,3736.198,4,5,4,13,Champions
FP-14320,24,8,4046.746,5,4,4,13,Champions
HG-15025,7,7,3690.284,5,4,4,13,Champions
JD-16150,42,8,8828.0305,4,4,5,13,Champions
JE-15610,49,7,7754.976,4,4,5,13,Champions
JP-15520,9,7,3635.594,5,4,4,13,Champions
KB-16240,5,7,3152.6150000000002,5,4,4,13,Champions
KM-16720,29,8,4909.472,4,4,5,13,Champions
LC-16930,42,8,4492.946,4,4,5,13,Champions
LF-17185,23,7,3930.5089999999996,5,4,4,13,Champions
MC-17845,2,7,3805.714,5,4,4,13,Champions
PG-18820,37,13,3086.907,4,5,4,13,Champions
PW-19030,47,10,3454.916,4,5,4,13,Champions
RB-19795,33,8,5633.316000000001,4,4,5,13,Champions
SB-20290,48,7,8057.891,4,4,5,13,Champions
SC-20770,42,7,4492.657,4,4,5,13,Champions
SF-20965,49,9,3336.535,4,5,4,13,Champions
SZ-20035,36,11,3625.329,4,5,4,13,Champions
TB-21625,31,9,2797.668,4,5,4,13,Champions
TT-21070,32,7,4915.602,4,4,5,13,Champions
BG-11035,29,8,2798.948,4,4,4,12,Champions
DB-13120,49,7,2973.094,4,4,4,12,Champions
KH-16330,41,8,3312.864,4,4,4,12,Champions
LT-17110,35,8,2936.252,4,4,4,12,Champions
MG-17650,30,7,3785.276,4,4,4,12,Champions
RO-19780,36,7,3815.478,4,4,4,12,Champions
RS-19765,37,8,4159.7699999999995,4,4,4,12,Champions
AR-10405,126,5,2236.128,2,2,3,7,Hibernating
BO-11350,138,5,2682.728,2,2,3,7,Hibernating
EM-13810,133,5,2567.0099999999998,2,2,3,7,Hibernating
JD-15790,118,5,2152.352,2,2,3,7,Hibernating
JL-15235,120,5,2203.7,2,2,3,7,Hibernating
LR-17035,133,5,1879.306,2,2,3,7,Hibernating
NC-18340,225,5,2461.404,2,2,3,7,Hibernating
NC-18625,205,5,1821.742,2,2,3,7,Hibernating
NR-18550,211,5,2367.277,2,2,3,7,Hibernating
PF-19225,115,5,2206.1279999999997,2,2,3,7,Hibernating
TG-21640,115,4,2074.661,2,2,3,7,Hibernating
AG-10270,279,5,2582.898,1,2,3,6,Hibernating
AH-10465,231,5,2495.3916,1,2,3,6,Hibernating
BT-11305,337,5,2567.656,1,2,3,6,Hibernating
CD-12790,400,5,1860.732,1,2,3,6,Hibernating
CM-12235,386,5,2305.712,1,2,3,6,Hibernating
DB-13405,188,4,1711.692,2,1,3,6,Hibernating
DE-13255,719,5,2550.874,1,2,3,6,Hibernating
EB-13930,162,5,944.6000000000001,2,2,2,6,Hibernating
FH-14350,213,4,2271.284,2,1,3,6,Hibernating
GZ-14545,158,4,2454.6220000000003,2,1,3,6,Hibernating
JF-15295,226,5,955.124,2,2,2,6,Hibernating
JO-15550,216,5,1090.838,2,2,2,6,Hibernating
LD-17005,415,4,1961.934,1,2,3,6,Hibernating
LL-16840,250,5,2454.554,1,2,3,6,Hibernating
MG-17875,117,5,1242.8329999999999,2,2,2,6,Hibernating
MH-17620,156,4,1252.8,2,2,2,6,Hibernating
MM-17260,169,4,1314.023,2,2,2,6,Hibernating
MT-18070,204,4,1319.4498,2,2,2,6,Hibernating
TB-21055,120,4,1451.361,2,2,2,6,Hibernating
TP-21565,351,4,1936.6399999999999,1,2,3,6,Hibernating
VS-21820,222,4,1055.981,2,2,2,6,Hibernating
AA-10480,260,4,1790.5120000000002,1,1,3,5,Hibernating
AG-10390,115,5,200.945,2,2,1,5,Hibernating
AR-10345,112,4,1055.694,2,1,2,5,Hibernating
AS-10240,193,5,503.968,2,2,1,5,Hibernating
BB-10990,106,5,744.3399999999999,2,2,1,5,Hibernating
BV-11245,335,5,1523.2730000000001,1,2,2,5,Hibernating
CA-12055,402,5,1679.7240000000002,1,2,2,5,Hibernating
CC-12100,458,5,1685.889,1,2,2,5,Hibernating
CL-11890,107,4,1262.0140000000001,2,1,2,5,Hibernating
CL-12700,261,4,2335.586,1,1,3,5,Hibernating
Co-12640,550,5,1300.076,1,2,2,5,Hibernating
DB-12970,242,4,2469.6672,1,1,3,5,Hibernating
DB-13360,265,5,1081.466,1,2,2,5,Hibernating
DF-13135,700,3,2390.534,1,1,3,5,Hibernating
DJ-13420,638,4,2012.52,1,1,3,5,Hibernating
Dl-13600,120,5,755.602,2,2,1,5,Hibernating
EJ-13720,303,4,2162.174,1,1,3,5,Hibernating
EM-13960,152,5,933.704,2,2,1,5,Hibernating
EM-14095,114,4,1041.0420000000001,2,1,2,5,Hibernating
EN-13780,288,4,2199.366,1,1,3,5,Hibernating
HJ-14875,127,5,358.1,2,2,1,5,Hibernating
JC-15385,176,1,1058.108,2,1,2,5,Hibernating
JG-15115,758,3,2358.676,1,1,3,5,Hibernating
JH-16180,405,4,2256.3940000000002,1,1,3,5,Hibernating
JS-15595,120,4,1417.654,2,1,2,5,Hibernating
LM-17065,392,5,1346.774,1,2,2,5,Hibernating
LW-17125,206,3,1259.04,2,1,2,5,Hibernating
MC-17635,190,4,795.154,2,2,1,5,Hibernating
MC-18130,370,5,1581.9979999999998,1,2,2,5,Hibernating
MF-17665,422,5,937.039,1,2,2,5,Hibernating
MH-17290,295,5,1691.505,1,2,2,5,Hibernating
MK-18160,241,4,1031.602,1,2,2,5,Hibernating
MR-17545,126,4,639.178,2,2,1,5,Hibernating
NP-18685,407,5,1164.73,1,2,2,5,Hibernating
RC-19960,111,4,652.644,2,2,1,5,Hibernating
RH-19600,535,3,2085.7400000000002,1,1,3,5,Hibernating
RK-19300,120,3,1460.192,2,1,2,5,Hibernating
RP-19270,497,4,954.6452,1,2,2,5,Hibernating
SB-20170,202,3,1348.02,2,1,2,5,Hibernating
SH-20635,765,2,2096.392,1,1,3,5,Hibernating
SW-20350,163,3,1019.044,2,1,2,5,Hibernating
TB-21595,286,4,1240.871,1,2,2,5,Hibernating
TC-21145,107,1,1038.26,2,1,2,5,Hibernating
TM-21490,131,3,1094.6779999999999,2,1,2,5,Hibernating
VT-21700,1000,2,1736.596,1,1,3,5,Hibernating
AC-10660,283,5,657.316,1,2,1,4,Hibernating
AG-10300,119,4,367.548,2,1,1,4,Hibernating
AG-10525,845,4,1455.038,1,1,2,4,Hibernating
BE-11455,482,5,748.026,1,2,1,4,Hibernating
BS-11800,266,2,949.4300000000001,1,1,2,4,Hibernating
BW-11065,213,3,385.516,2,1,1,4,Hibernating
CG-12520,339,3,1148.7800000000002,1,1,2,4,Hibernating
CH-12070,691,3,1537.236,1,1,2,4,Hibernating
CS-12175,233,5,844.4580000000001,1,2,1,4,Hibernating
CS-12490,425,4,970.1105,1,1,2,4,Hibernating
DH-13675,776,4,1043.096,1,1,2,4,Hibernating
DM-13525,482,3,1376.792,1,1,2,4,Hibernating
DP-13165,812,2,1058.616,1,1,2,4,Hibernating
EM-14200,159,3,366.822,2,1,1,4,Hibernating
ER-13855,422,3,1245.788,1,1,2,4,Hibernating
GH-14485,388,2,1361.2440000000001,1,1,2,4,Hibernating
GR-14560,1136,2,1284.38,1,1,2,4,Hibernating
JC-15340,115,4,71.263,2,1,1,4,Hibernating
JJ-15445,484,5,709.178,1,2,1,4,Hibernating
JR-15670,594,2,1156.658,1,1,2,4,Hibernating
JS-15940,464,5,469.169,1,2,1,4,Hibernating
JW-16075,462,4,1428.731,1,1,2,4,Hibernating
KB-16405,118,3,908.821,2,1,1,4,Hibernating
KD-16615,290,4,907.158,1,2,1,4,Hibernating
KW-16570,771,4,449.096,1,2,1,4,Hibernating
LH-16750,152,3,287.426,2,1,1,4,Hibernating
LH-17020,240,4,318.239,1,2,1,4,Hibernating
MG-17695,556,3,1342.282,1,1,2,4,Hibernating
MH-17440,377,4,400.016,1,2,1,4,Hibernating
MO-17950,181,2,154.288,2,1,1,4,Hibernating
MS-17530,435,4,475.65599999999995,1,2,1,4,Hibernating
MS-17830,453,4,370.348,1,2,1,4,Hibernating
NF-18475,526,4,377.16200000000003,1,2,1,4,Hibernating
PC-19000,882,2,1061.488,1,1,2,4,Hibernating
PK-18910,484,2,1441.152,1,1,2,4,Hibernating
PM-18940,387,3,1405.402,1,1,2,4,Hibernating
RE-19450,303,4,666.52,1,2,1,4,Hibernating
SG-20890,227,3,47.946,2,1,1,4,Hibernating
SM-20005,422,4,244.49399999999997,1,2,1,4,Hibernating
SM-20905,607,1,1043.041,1,1,2,4,Hibernating
VG-21805,492,4,418.432,1,2,1,4,Hibernating
AB-10015,416,3,886.156,1,1,1,3,Hibernating
AC-10420,233,3,925.8,1,1,1,3,Hibernating
AF-10885,416,4,861.565,1,1,1,3,Hibernating
AO-10810,502,1,161.28,1,1,1,3,Hibernating
AR-10570,535,1,88.15,1,1,1,3,Hibernating
BD-11560,279,2,320.54,1,1,1,3,Hibernating
BT-11440,561,4,603.876,1,1,1,3,Hibernating
BT-11485,660,2,415.19599999999997,1,1,1,3,Hibernating
CJ-11875,366,1,16.52,1,1,1,3,Hibernating
CM-11935,708,2,565.392,1,1,1,3,Hibernating
CM-12445,437,3,287.99,1,1,1,3,Hibernating
CR-12625,471,3,475.9,1,1,1,3,Hibernating
CS-12130,490,4,884.64,1,1,1,3,Hibernating
DA-13450,353,4,156.76,1,1,1,3,Hibernating
FW-14395,363,3,79.75,1,1,1,3,Hibernating
GP-14740,765,2,236.53,1,1,1,3,Hibernating
HD-14785,769,3,251.36,1,1,1,3,Hibernating
HM-14980,248,4,736.276,1,1,1,3,Hibernating
IM-15055,410,2,48.4,1,1,1,3,Hibernating
JB-15925,737,3,900.552,1,1,1,3,Hibernating
JD-16060,301,3,695.442,1,1,1,3,Hibernating
JJ-15760,753,2,195.0,1,1,1,3,Hibernating
JK-15325,288,3,383.812,1,1,1,3,Hibernating
KS-16300,296,3,88.472,1,1,1,3,Hibernating
LD-16855,553,1,5.304,1,1,1,3,Hibernating
LS-17230,777,3,368.88000000000005,1,1,1,3,Hibernating
MG-18205,265,1,16.739,1,1,1,3,Hibernating
NB-18580,1166,2,273.87199999999996,1,1,1,3,Hibernating
PB-19210,688,2,132.738,1,1,1,3,Hibernating
RE-19405,1098,1,48.36,1,1,1,3,Hibernating
RH-19555,520,2,740.382,1,1,1,3,Hibernating
RM-19750,300,1,98.35,1,1,1,3,Hibernating
SC-20845,415,1,14.112,1,1,1,3,Hibernating
SS-20515,492,3,613.4,1,1,1,3,Hibernating
SW-20755,535,2,758.6959999999999,1,1,1,3,Hibernating
TS-21085,358,2,4.833,1,1,1,3,Hibernating
TT-21265,407,3,439.5,1,1,1,3,Hibernating
AC-10450,12,7,5527.846,5,3,5,13,Loyal
AR-10540,7,6,6608.448,5,3,5,13,Loyal
BP-11095,18,12,2442.044,5,5,3,13,Loyal
CV-12805,6,9,2370.3136,5,5,3,13,Loyal
DB-13210,10,10,2332.577,5,5,3,13,Loyal
FM-14215,8,10,2456.638,5,5,3,13,Loyal
JB-15400,8,10,1791.605,5,5,3,13,Loyal
KH-16510,23,6,5229.695000000001,5,3,5,13,Loyal
LC-17140,14,9,2633.582,5,5,3,13,Loyal
LH-16900,22,9,2295.332,5,5,3,13,Loyal
LR-16915,27,6,5142.892,5,3,5,13,Loyal
NB-18655,20,9,1972.599,5,5,3,13,Loyal
NP-18325,26,6,5529.62,5,3,5,13,Loyal
RA-19285,6,9,2617.906,5,5,3,13,Loyal
RM-19675,7,5,5979.0960000000005,5,3,5,13,Loyal
SH-20395,24,10,2180.718,5,5,3,13,Loyal
YC-21895,5,5,5454.35,5,3,5,13,Loyal
AA-10375,20,9,1056.39,5,5,2,12,Loyal
AS-10285,20,6,3214.236,5,3,4,12,Loyal
BD-11500,36,6,4411.2429999999995,4,3,5,12,Loyal
BT-11680,21,7,3196.752,5,3,4,12,Loyal
CB-12415,27,8,1949.2,5,4,3,12,Loyal
CK-12595,44,11,2372.75,4,5,3,12,Loyal
DB-12910,22,8,2171.599,5,4,3,12,Loyal
DB-13060,17,6,4151.51,5,3,4,12,Loyal
DP-13105,7,8,2215.002,5,4,3,12,Loyal
EM-14140,49,6,4588.436000000001,4,3,5,12,Loyal
FO-14305,39,10,2678.438,4,5,3,12,Loyal
GA-14725,6,11,1398.382,5,5,2,12,Loyal
GG-14650,44,9,2224.0,4,5,3,12,Loyal
GM-14455,17,6,3078.624,5,3,4,12,Loyal
HA-14920,21,8,2584.158,5,4,3,12,Loyal
HF-14995,22,7,2533.1639999999998,5,4,3,12,Loyal
HL-15040,44,6,12873.297999999999,4,3,5,12,Loyal
JH-15985,30,6,7954.9980000000005,4,3,5,12,Loyal
JW-15220,43,6,7721.714,4,3,5,12,Loyal
KH-16360,2,6,3100.612,5,3,4,12,Loyal
KN-16390,20,8,2224.0860000000002,5,4,3,12,Loyal
LP-17095,10,6,3104.439,5,3,4,12,Loyal
MC-18100,42,10,2218.98,4,5,3,12,Loyal
MV-18190,20,7,1734.574,5,4,3,12,Loyal
PO-18865,1,7,2493.214,5,4,3,12,Loyal
RD-19720,22,10,1419.737,5,5,2,12,Loyal
SH-19975,30,12,2465.6594999999998,4,5,3,12,Loyal
SR-20425,9,5,3233.481,5,3,4,12,Loyal
SU-20665,21,7,2595.364,5,4,3,12,Loyal
SV-20935,3,8,1903.491,5,4,3,12,Loyal
TS-21370,37,6,11891.751,4,3,5,12,Loyal
XP-21865,44,11,2374.658,4,5,3,12,Loyal
AB-10165,26,8,1113.838,5,4,2,11,Loyal
AH-10030,13,7,1744.7,5,3,3,11,Loyal
AW-10930,47,7,2852.968,4,3,4,11,Loyal
BP-11290,13,7,2475.157,5,3,3,11,Loyal
BS-11755,2,7,2562.382,5,3,3,11,Loyal
CC-12475,40,9,1659.438,4,5,2,11,Loyal
CM-12160,27,6,2533.314,5,3,3,11,Loyal
DB-13615,34,7,1989.05,4,4,3,11,Loyal
DB-13660,13,7,1155.202,5,4,2,11,Loyal
DJ-13510,49,8,2501.6879999999996,4,4,3,11,Loyal
DK-13090,43,7,2650.557,4,4,3,11,Loyal
DL-13315,23,8,1458.258,5,4,2,11,Loyal
DO-13645,27,7,1267.316,5,4,2,11,Loyal
EH-14005,3,7,1219.53,5,4,2,11,Loyal
GW-14605,29,7,2189.019,4,4,3,11,Loyal
HP-14815,31,7,1990.314,4,4,3,11,Loyal
JG-15310,3,6,2240.58,5,3,3,11,Loyal
JK-15370,45,7,2136.458,4,4,3,11,Loyal
JL-15505,50,6,3173.874,4,3,4,11,Loyal
JM-15250,38,6,3159.1220000000003,4,3,4,11,Loyal
KB-16600,2,7,983.922,5,4,2,11,Loyal
KE-16420,27,7,1453.2812000000001,5,4,2,11,Loyal
KM-16225,15,6,2260.958,5,3,3,11,Loyal
LC-16870,28,8,2580.7039999999997,4,4,3,11,Loyal
LW-16990,34,6,3230.308,4,3,4,11,Loyal
MB-17305,49,10,1548.702,4,5,2,11,Loyal
ME-17725,29,8,1908.4532,4,4,3,11,Loyal
MK-17905,29,8,2302.368,4,4,3,11,Loyal
ML-17755,30,7,2071.9139999999998,4,4,3,11,Loyal
MT-17815,50,6,2890.139,4,3,4,11,Loyal
MV-17485,28,9,1560.05,4,5,2,11,Loyal
MY-17380,30,7,2254.285,4,4,3,11,Loyal
RB-19435,42,7,1864.156,4,4,3,11,Loyal
RD-19810,15,8,1137.616,5,4,2,11,Loyal
RF-19840,7,7,938.862,5,4,2,11,Loyal
RH-19495,33,5,3621.3759999999997,4,3,4,11,Loyal
RP-19855,29,7,2055.356,4,4,3,11,Loyal
SC-20305,30,6,3650.473,4,3,4,11,Loyal
SC-20440,37,7,1874.998,4,4,3,11,Loyal
SS-20140,16,8,1324.028,5,4,2,11,Loyal
TD-20995,38,9,1434.5480000000002,4,5,2,11,Loyal
TS-21505,12,6,2243.274,5,3,3,11,Loyal
AF-10870,42,7,2052.908,4,3,3,10,Loyal
BG-11695,37,6,1874.172,4,3,3,10,Loyal
BS-11590,36,6,2454.928,4,3,3,10,Loyal
CC-12610,35,7,2540.631,4,3,3,10,Loyal
CC-12670,30,7,2269.7015,4,3,3,10,Loyal
CM-12190,9,6,1475.144,5,3,2,10,Loyal
CW-11905,23,6,1136.592,5,3,2,10,Loyal
FG-14260,35,7,1383.144,4,4,2,10,Loyal
JH-15910,42,7,959.477,4,4,2,10,Loyal
JL-15130,9,6,1214.956,5,3,2,10,Loyal
JP-15460,38,7,1669.135,4,4,2,10,Loyal
JS-16030,29,6,2516.494,4,3,3,10,Loyal
JW-15955,6,6,1049.2379999999998,5,3,2,10,Loyal
KA-16525,37,7,1519.506,4,4,2,10,Loyal
KD-16345,42,6,1888.964,4,3,3,10,Loyal
LE-16810,22,6,1469.45,5,3,2,10,Loyal
MB-18085,45,7,1428.231,4,4,2,10,Loyal
MC-17575,28,8,1303.893,4,4,2,10,Loyal
MC-17590,52,6,2426.067,4,3,3,10,Loyal
MN-17935,35,6,2477.946,4,3,3,10,Loyal
NC-18415,42,6,2218.9900000000002,4,3,3,10,Loyal
PJ-18835,40,8,1220.09,4,4,2,10,Loyal
PN-18775,31,8,1467.152,4,4,2,10,Loyal
SO-20335,30,6,2602.5755,4,3,3,10,Loyal
SW-20275,31,6,1966.65,4,3,3,10,Loyal
TC-21535,5,7,742.5580000000001,5,4,1,10,Loyal
JB-16000,44,7,644.1188,4,4,1,9,Loyal
LS-17245,35,6,1008.1360000000001,4,3,2,9,Loyal
MS-17980,27,6,855.116,5,3,1,9,Loyal
RB-19570,26,5,528.546,5,3,1,9,Loyal
SJ-20215,30,6,1341.036,4,3,2,9,Loyal
VF-21715,14,5,847.944,5,3,1,9,Loyal
AP-10720,42,6,545.932,4,3,1,8,Loyal
CG-12040,50,6,904.4680000000001,4,3,1,8,Loyal
DD-13570,42,6,269.542,4,3,1,8,Loyal
AG-10900,97,10,4510.797,3,5,5,13,Needs Attention
Dp-13240,85,11,7198.7609999999995,3,5,5,13,Needs Attention
JK-15730,85,9,4769.9,3,5,5,13,Needs Attention
KT-16480,101,10,4642.088400000001,3,5,5,13,Needs Attention
MA-17560,65,11,4299.161,3,5,5,13,Needs Attention
PP-18955,98,10,7252.608,3,5,5,13,Needs Attention
SA-20830,64,10,4767.3415,3,5,5,13,Needs Attention
SP-20860,80,10,4282.94,3,5,5,13,Needs Attention
SV-20365,102,10,11470.949999999999,3,5,5,13,Needs Attention
ZC-21910,55,13,8025.707,3,5,5,13,Needs Attention
AB-10060,55,8,7755.62,3,4,5,12,Needs Attention
AP-10915,99,10,3323.556,3,5,4,12,Needs Attention
AR-10825,59,8,4523.336,3,4,5,12,Needs Attention
CP-12085,83,8,5402.254,3,4,5,12,Needs Attention
DM-13015,58,7,6345.103,3,4,5,12,Needs Attention
EB-13870,101,10,2767.219,3,5,4,12,Needs Attention
GH-14410,76,9,2819.4669999999996,3,5,4,12,Needs Attention
JA-15970,93,8,6491.026,3,4,5,12,Needs Attention
JM-16195,58,10,2833.9260000000004,3,5,4,12,Needs Attention
JO-15145,58,9,3254.949,3,5,4,12,Needs Attention
KF-16285,98,7,10604.266,3,4,5,12,Needs Attention
KH-16630,59,9,3918.9660000000003,3,5,4,12,Needs Attention
KM-16375,57,8,5620.186,3,4,5,12,Needs Attention
ML-17395,70,9,2722.843,3,5,4,12,Needs Attention
MP-17965,73,9,3983.6420000000003,3,5,4,12,Needs Attention
MY-18295,72,10,3601.88,3,5,4,12,Needs Attention
RD-19480,73,8,4272.93,3,4,5,12,Needs Attention
RW-19630,90,9,3279.746,3,5,4,12,Needs Attention
SF-20200,60,9,3422.7859999999996,3,5,4,12,Needs Attention
SJ-20125,96,12,3949.656,3,5,4,12,Needs Attention
TW-21025,65,7,5278.826,3,4,5,12,Needs Attention
AA-10645,56,6,5086.9349999999995,3,3,5,11,Needs Attention
AJ-10780,76,7,4867.344,3,3,5,11,Needs Attention
BF-11020,75,8,2888.506,3,4,4,11,Needs Attention
CS-12505,59,6,5690.054999999999,3,3,5,11,Needs Attention
CT-11995,97,8,3241.898,3,4,4,11,Needs Attention
DL-13495,77,8,3539.322,3,4,4,11,Needs Attention
FA-14230,98,7,2984.054,3,4,4,11,Needs Attention
FC-14245,71,7,3418.742,3,4,4,11,Needs Attention
GM-14440,84,7,3582.8199999999997,3,4,4,11,Needs Attention
JF-15565,55,8,4198.332,3,4,4,11,Needs Attention
JK-15625,62,7,3760.028,3,4,4,11,Needs Attention
JP-16135,103,9,1707.71,3,5,3,11,Needs Attention
MC-17275,77,8,2725.982,3,4,4,11,Needs Attention
MM-18055,62,8,2749.881,3,4,4,11,Needs Attention
NF-18385,80,6,8080.474,3,3,5,11,Needs Attention
NZ-18565,86,9,2488.31,3,5,3,11,Needs Attention
PG-18895,58,9,1987.164,3,5,3,11,Needs Attention
RB-19360,97,6,15117.339,3,3,5,11,Needs Attention
SC-20695,90,10,2576.408,3,5,3,11,Needs Attention
SM-20320,80,5,25043.05,3,3,5,11,Needs Attention
SN-20710,80,7,3127.9592,3,4,4,11,Needs Attention
TH-21550,73,7,4234.0960000000005,3,4,4,11,Needs Attention
TM-21010,104,7,2819.026,3,4,4,11,Needs Attention
TN-21040,91,7,3130.221,3,4,4,11,Needs Attention
TP-21415,105,5,5329.0048,3,3,5,11,Needs Attention
TS-21610,56,7,2820.424,3,4,4,11,Needs Attention
VP-21760,76,7,3360.526,3,4,4,11,Needs Attention
AG-10675,98,7,3489.0396000000005,3,3,4,10,Needs Attention
AS-10045,89,7,3050.692,3,3,4,10,Needs Attention
BD-11605,98,6,2783.189,3,3,4,10,Needs Attention
CA-11965,97,6,3789.7228,3,3,4,10,Needs Attention
CA-12265,57,8,2638.3272,3,4,3,10,Needs Attention
CK-12760,83,9,1582.109,3,5,2,10,Needs Attention
CY-12745,61,7,2004.0819999999999,3,4,3,10,Needs Attention
DL-12925,58,6,3272.2,3,3,4,10,Needs Attention
EM-13825,56,8,2339.598,3,4,3,10,Needs Attention
GB-14530,63,11,1568.44,3,5,2,10,Needs Attention
HA-14905,70,7,2163.3,3,4,3,10,Needs Attention
JM-15535,103,7,1733.443,3,4,3,10,Needs Attention
KN-16705,99,7,2003.01,3,4,3,10,Needs Attention
KW-16435,97,5,4416.5199999999995,3,2,5,10,Needs Attention
MH-17785,99,7,2203.7780000000002,3,4,3,10,Needs Attention
PV-18985,90,5,2876.046,3,3,4,10,Needs Attention
RA-19885,56,6,3546.224,3,3,4,10,Needs Attention
RF-19735,90,7,2341.2960000000003,3,4,3,10,Needs Attention
RS-19420,77,5,3221.29,3,3,4,10,Needs Attention
RW-19690,80,5,3495.646,3,3,4,10,Needs Attention
SL-20155,71,6,3046.532,3,3,4,10,Needs Attention
SP-20920,71,6,3990.689,3,3,4,10,Needs Attention
TA-21385,70,4,14595.62,3,2,5,10,Needs Attention
VM-21685,55,7,2454.866,3,4,3,10,Needs Attention
AH-10120,61,7,1735.5140000000001,3,3,3,9,Needs Attention
GT-14635,57,3,9351.212,3,1,5,9,Needs Attention
JF-15190,66,6,2239.606,3,3,3,9,Needs Attention
JK-15205,62,4,4262.2919999999995,3,1,5,9,Needs Attention
JO-15280,93,6,1934.272,3,3,3,9,Needs Attention
MG-17890,100,9,776.384,3,5,1,9,Needs Attention
MG-18145,85,4,3061.543,3,2,4,9,Needs Attention
ML-17410,55,5,2885.26,3,2,4,9,Needs Attention
MM-18280,86,9,775.414,3,5,1,9,Needs Attention
MO-17800,105,8,1687.0269999999998,3,4,2,9,Needs Attention
NP-18670,59,5,3908.402,3,2,4,9,Needs Attention
OT-18730,66,5,3818.624,3,2,4,9,Needs Attention
PB-19150,98,8,1456.95,3,4,2,9,Needs Attention
PS-18970,70,8,1278.639,3,4,2,9,Needs Attention
SW-20245,82,7,1085.078,3,4,2,9,Needs Attention
TB-21175,59,4,3589.296,3,2,4,9,Needs Attention
TH-21115,59,4,2942.772,3,2,4,9,Needs Attention
VB-21745,55,6,2005.596,3,3,3,9,Needs Attention
AG-10495,79,7,1419.247,3,3,2,8,Needs Attention
AJ-10945,122,6,1829.896,2,3,3,8,Needs Attention
BD-11620,70,6,1538.11,3,3,2,8,Needs Attention
BD-11725,94,6,1526.5,3,3,2,8,Needs Attention
BE-11410,99,5,2261.438,3,2,3,8,Needs Attention
BG-11740,58,6,1006.356,3,3,2,8,Needs Attention
BP-11155,90,6,1697.8609999999999,3,3,2,8,Needs Attention
BT-11530,92,5,2684.4919999999997,3,2,3,8,Needs Attention
BW-11200,204,6,1738.406,2,3,3,8,Needs Attention
CC-12145,107,7,2471.65,2,3,3,8,Needs Attention
DL-12865,101,7,444.024,3,4,1,8,Needs Attention
DW-13195,70,6,1080.751,3,3,2,8,Needs Attention
EB-14170,83,6,1186.326,3,3,2,8,Needs Attention
EJ-14155,58,5,2656.691,3,2,3,8,Needs Attention
JF-15355,106,6,1911.844,2,3,3,8,Needs Attention
KC-16540,98,4,3908.262,3,1,4,8,Needs Attention
LC-17050,55,5,2095.064,3,2,3,8,Needs Attention
LS-17200,97,6,1010.2560000000001,3,3,2,8,Needs Attention
LW-16825,89,5,2238.061,3,2,3,8,Needs Attention
MA-17995,187,6,2453.284,2,3,3,8,Needs Attention
MG-17680,93,4,2350.188,3,2,3,8,Needs Attention
NH-18610,190,6,2518.6659999999997,2,3,3,8,Needs Attention
NK-18490,71,7,572.048,3,4,1,8,Needs Attention
PS-18760,108,6,2181.479,2,3,3,8,Needs Attention
RA-19945,62,5,1686.9225,3,3,2,8,Needs Attention
RB-19705,55,4,2067.45,3,2,3,8,Needs Attention
SF-20065,60,7,763.5459999999999,3,4,1,8,Needs Attention
SN-20560,112,6,1860.418,2,3,3,8,Needs Attention
TS-21430,173,5,2054.14,2,3,3,8,Needs Attention
AS-10630,93,7,833.398,3,3,1,7,Needs Attention
AZ-10750,161,6,1622.0179999999998,2,3,2,7,Needs Attention
BF-10975,92,7,599.798,3,3,1,7,Needs Attention
BK-11260,78,6,659.1379999999999,3,3,1,7,Needs Attention
BM-11575,101,6,808.162,3,3,1,7,Needs Attention
BP-11050,84,5,983.42,3,2,2,7,Needs Attention
BT-11395,303,6,2186.6130000000003,1,3,3,7,Needs Attention
CM-11815,132,6,1673.888,2,3,2,7,Needs Attention
CR-12580,58,4,2148.852,3,1,3,7,Needs Attention
CS-11845,92,5,1278.954,3,2,2,7,Needs Attention
DS-13030,94,4,1762.213,3,1,3,7,Needs Attention
JE-15475,194,6,1388.682,2,3,2,7,Needs Attention
JG-15805,224,6,1507.018,2,3,2,7,Needs Attention
KC-16255,408,6,2120.954,1,3,3,7,Needs Attention
ME-18010,93,4,1256.944,3,2,2,7,Needs Attention
MZ-17515,283,6,2564.906,1,3,3,7,Needs Attention
NL-18310,59,4,1418.0900000000001,3,2,2,7,Needs Attention
PA-19060,104,6,729.408,3,3,1,7,Needs Attention
PJ-19015,135,6,1677.536,2,3,2,7,Needs Attention
PO-19195,87,5,1056.858,3,2,2,7,Needs Attention
SC-20680,127,6,1254.64,2,3,2,7,Needs Attention
SS-20875,121,5,964.636,2,3,2,7,Needs Attention
SV-20815,77,4,1271.0900000000001,3,2,2,7,Needs Attention
TB-21280,584,6,2198.45,1,3,3,7,Needs Attention
TH-21100,345,5,2422.824,1,3,3,7,Needs Attention
TS-21160,505,6,2163.6240000000003,1,3,3,7,Needs Attention
TS-21340,227,5,974.7819999999999,2,3,2,7,Needs Attention
ZD-21925,203,5,1493.944,2,3,2,7,Needs Attention
AH-10195,56,4,1587.452,3,1,2,6,Needs Attention
BF-11215,66,4,1585.162,3,1,2,6,Needs Attention
CR-12730,79,4,1600.55,3,1,2,6,Needs Attention
CR-12820,86,3,1397.8724,3,1,2,6,Needs Attention
CS-11860,163,6,537.632,2,3,1,6,Needs Attention
DW-13540,99,5,344.08,3,2,1,6,Needs Attention
EB-13840,91,4,964.448,3,1,2,6,Needs Attention
EH-14185,106,6,923.884,2,3,1,6,Needs Attention
HG-14845,55,5,785.628,3,2,1,6,Needs Attention
JC-16105,58,5,858.576,3,2,1,6,Needs Attention
JD-16015,113,6,385.43,2,3,1,6,Needs Attention
JH-15820,175,6,528.91,2,3,1,6,Needs Attention
KC-16675,58,4,1146.05,3,1,2,6,Needs Attention
MO-17500,73,4,922.487,3,2,1,6,Needs Attention
MS-17710,414,6,1613.402,1,3,2,6,Needs Attention
PB-19105,58,4,688.324,3,2,1,6,Needs Attention
RB-19330,69,2,1008.1959999999999,3,1,2,6,Needs Attention
RC-19825,370,6,966.409,1,3,2,6,Needs Attention
RM-19375,346,6,1453.474,1,3,2,6,Needs Attention
SC-20575,93,4,799.798,3,2,1,6,Needs Attention
SJ-20500,254,5,1318.776,1,3,2,6,Needs Attention
SP-20545,328,6,1306.086,1,3,2,6,Needs Attention
TB-21355,147,5,834.328,2,3,1,6,Needs Attention
TR-21325,194,5,675.9419999999999,2,3,1,6,Needs Attention
VG-21790,155,6,846.01,2,3,1,6,Needs Attention
VM-21835,118,5,380.69,2,3,1,6,Needs Attention
AG-10765,78,4,170.584,3,1,1,5,Needs Attention
AJ-10960,75,3,629.2479999999999,3,1,1,5,Needs Attention
BD-11770,328,6,658.466,1,3,1,5,Needs Attention
BF-11275,58,3,791.9899999999999,3,1,1,5,Needs Attention
BO-11425,76,2,130.83,3,1,1,5,Needs Attention
CD-11980,55,3,639.766,3,1,1,5,Needs Attention
DL-13330,58,4,585.02,3,1,1,5,Needs Attention
EH-13990,406,6,825.9499999999999,1,3,1,5,Needs Attention
EL-13735,78,2,124.28,3,1,1,5,Needs Attention
HH-15010,73,2,218.668,3,1,1,5,Needs Attention
IG-15085,72,4,744.574,3,1,1,5,Needs Attention
JR-15700,69,1,863.88,3,1,1,5,Needs Attention
ML-18040,80,3,742.082,3,1,1,5,Needs Attention
ML-18265,101,2,162.232,3,1,1,5,Needs Attention
PH-18790,71,1,729.648,3,1,1,5,Needs Attention
PT-19090,72,3,158.46,3,1,1,5,Needs Attention
RB-19645,649,5,221.084,1,3,1,5,Needs Attention
SS-20590,433,6,418.49,1,3,1,5,Needs Attention
GB-14575,14,5,4716.288,5,2,5,12,New / Promising
AS-10225,23,5,4260.784,5,2,4,11,New / Promising
CC-12370,44,5,12129.072000000002,4,2,5,11,New / Promising
CM-12655,28,5,5890.508,4,2,5,11,New / Promising
DK-12895,46,5,4282.176,4,2,5,11,New / Promising
AC-10615,7,5,2537.6859999999997,5,2,3,10,New / Promising
BS-11380,29,5,3887.834,4,2,4,10,New / Promising
CM-12385,38,4,8954.019999999999,4,1,5,10,New / Promising
DG-13300,33,5,3195.818,4,2,4,10,New / Promising
DJ-13630,13,3,3356.398,5,1,4,10,New / Promising
DV-13465,30,5,3254.487,4,2,4,10,New / Promising
EG-13900,23,5,1832.02,5,2,3,10,New / Promising
ES-14020,41,5,3510.4579999999996,4,2,4,10,New / Promising
JB-16045,8,5,2518.115,5,2,3,10,New / Promising
JF-15415,3,5,2309.432,5,2,3,10,New / Promising
MF-18250,8,5,1758.3,5,2,3,10,New / Promising
MH-18025,50,5,2984.948,4,2,4,10,New / Promising
MW-18235,45,2,5253.876,4,1,5,10,New / Promising
NS-18505,7,4,2575.863,5,2,3,10,New / Promising
PC-18745,3,4,1832.064,5,2,3,10,New / Promising
PM-19135,52,4,4115.662,4,2,4,10,New / Promising
SG-20080,9,3,3406.5809999999997,5,1,4,10,New / Promising
AT-10435,22,5,1166.0720000000001,5,2,2,9,New / Promising
BN-11515,10,5,1459.344,5,2,2,9,New / Promising
CD-11920,41,5,2033.968,4,2,3,9,New / Promising
DC-13285,24,5,1174.618,5,2,2,9,New / Promising
DK-12985,8,5,1687.04,5,2,2,9,New / Promising
DV-13045,20,5,1119.483,5,2,2,9,New / Promising
GD-14590,6,4,1888.07,5,1,3,9,New / Promising
GH-14425,51,4,4172.8460000000005,4,1,4,9,New / Promising
JE-16165,21,3,2697.248,5,1,3,9,New / Promising
JK-16090,29,3,3747.668,4,1,4,9,New / Promising
JL-15175,7,5,1571.523,5,2,2,9,New / Promising
JM-15265,38,5,1804.146,4,2,3,9,New / Promising
JR-16210,34,5,2201.686,4,2,3,9,New / Promising
KN-16450,53,5,2171.962,4,2,3,9,New / Promising
NG-18355,49,5,1869.58,4,2,3,9,New / Promising
PR-18880,37,5,1840.178,4,2,3,9,New / Promising
AB-10150,42,5,966.71,4,2,2,8,New / Promising
AG-10330,9,5,660.972,5,2,1,8,New / Promising
AR-10510,15,5,264.86400000000003,5,2,1,8,New / Promising
BP-11230,40,5,1181.49,4,2,2,8,New / Promising
CA-12310,14,4,1421.954,5,1,2,8,New / Promising
CM-12115,9,4,1661.6100000000001,5,1,2,8,New / Promising
EB-13975,1,4,1643.255,5,1,2,8,New / Promising
HR-14770,14,4,940.588,5,1,2,8,New / Promising
JM-15580,1,5,303.948,5,2,1,8,New / Promising
JM-15655,9,5,864.947,5,2,1,8,New / Promising
KM-16660,16,5,453.538,5,2,1,8,New / Promising
LO-17170,3,5,644.35,5,2,1,8,New / Promising
MD-17860,37,5,1204.91,4,2,2,8,New / Promising
NG-18430,49,5,1395.9379999999999,4,2,2,8,New / Promising
PL-18925,16,5,239.481,5,2,1,8,New / Promising
RD-19930,43,4,970.9420000000001,4,2,2,8,New / Promising
TZ-21580,36,4,1707.286,4,2,2,8,New / Promising
AB-10600,51,4,1515.862,4,1,2,7,New / Promising
AH-10585,22,4,738.504,5,1,1,7,New / Promising
AM-10360,29,5,814.012,4,2,1,7,New / Promising
AW-10840,21,4,649.376,5,1,1,7,New / Promising
AY-10555,15,4,497.014,5,1,1,7,New / Promising
BD-11635,10,3,582.646,5,1,1,7,New / Promising
BF-11005,40,4,1333.88,4,1,2,7,New / Promising
BF-11080,26,3,272.95,5,1,1,7,New / Promising
BN-11470,25,4,265.296,5,1,1,7,New / Promising
CD-12280,43,2,1205.584,4,1,2,7,New / Promising
DK-13150,11,2,797.832,5,1,1,7,New / Promising
EC-14050,54,5,461.914,4,2,1,7,New / Promising
EK-13795,45,4,1303.478,4,1,2,7,New / Promising
GH-14665,3,2,146.94080000000002,5,1,1,7,New / Promising
HE-14800,13,3,755.462,5,1,1,7,New / Promising
HZ-14950,36,5,886.52,4,2,1,7,New / Promising
JH-15430,6,4,309.281,5,1,1,7,New / Promising
JS-15685,43,3,990.1959999999999,4,1,2,7,New / Promising
LP-17080,41,4,756.606,4,2,1,7,New / Promising
LT-16765,27,3,329.876,5,1,1,7,New / Promising
MZ-17335,31,4,593.606,4,2,1,7,New / Promising
PB-18805,26,3,740.356,5,1,1,7,New / Promising
RR-19315,20,2,615.932,5,1,1,7,New / Promising
RS-19870,20,2,22.328,5,1,1,7,New / Promising
SC-20800,31,4,279.25600000000003,4,2,1,7,New / Promising
SK-19990,9,3,883.409,5,1,1,7,New / Promising
TB-21190,50,4,816.1740000000001,4,2,1,7,New / Promising
VP-21730,31,3,993.9019999999999,4,1,2,7,New / Promising
AS-10135,42,2,58.82,4,1,1,6,New / Promising
CC-12550,28,3,113.832,4,1,1,6,New / Promising
CS-12460,28,2,550.644,4,1,1,6,New / Promising
EM-14065,48,4,228.99,4,1,1,6,New / Promising
GT-14755,35,4,226.436,4,1,1,6,New / Promising
LB-16735,49,3,50.188,4,1,1,6,New / Promising
